item_name,category,fd,exclude_flag,note
サイコロステ,肉料理,フード,false,サイコロステーキ系
豚アスパラ巻き,巻き串,フード,false,巻き串
☆きゅうり漬け,軽いつまみ,フード,false,漬物
お新香盛合せ,軽いつまみ,フード,false,漬物
◎ねぎとろ手巻,海鮮,フード,false,手巻き寿司
マルゲリータ,ピザ,フード,false,ピザ
あらびきつくね,串,フード,false,串・つくね
砂肝ガーリック炒,炒め物,フード,false,炒め物
ソース焼そば,締め,フード,false,締め
えいひれ,軽いつまみ,フード,false,つまみ
とり唐（５個,揚げ物,フード,false,唐揚げ
いぶりがっこ,軽いつまみ,フード,false,漬物
豚バラレタス巻き,巻き串,フード,false,巻き串
はまぐり酒蒸し,海鮮,フード,false,貝料理
黒チャーハン,締め,フード,false,締め
九条ねぎ豚しゃぶ,肉料理,フード,false,肉料理
焼きそら豆,軽いつまみ,フード,false,つまみ
切りたて生ハム,軽いつまみ,フード,false,つまみ
やみつきコーン,軽いつまみ,フード,false,つまみ
チーズパリ焼,軽いつまみ,フード,false,つまみ
◎メキシカンサラ,サラダ,フード,false,サラダ
中徳（２合,日本酒,ドリンク,false,日本酒
しらすチャーハン,締め,フード,false,締め
ひらみれもんそー,ドリンク,ドリンク,false,サワー系
生チョコ５個,デザート,フード,false,デザート
◎コーン茶,ソフトドリンク,ドリンク,false,ソフトドリンク
フレンチトースト,デザート,フード,false,デザート
バターコーン,軽いつまみ,フード,false,つまみ
長ねぎ天ぷら,揚げ物,フード,false,天ぷら
酒盗じゃがバター,軽いつまみ,フード,false,つまみ
黒毛和牛すき煮,肉料理,フード,false,肉料理
宴会ハムオニオン,除外,フード,true,宴会・売上0系
アルコールフリー,ソフトドリンク,ドリンク,false,ノンアル
真澄　純米吟醸,日本酒,ドリンク,false,日本酒
イヨヨ華ヤグ,ドリンク,ドリンク,false,銘柄ドリンク
焼きおにぎり,締め,フード,false,締め
九条ねぎ卵,逸品,フード,false,逸品
モンテＧ,ワイン,ドリンク,false,グラスワイン系
じゃこ焼おにぎり,締め,フード,false,締め
宴会ぶっかけそば,除外,フード,true,宴会・売上0系
富乃宝山Ｇ,焼酎,ドリンク,false,焼酎
鮮魚の手巻き寿司,海鮮,フード,false,手巻き寿司
アラミカン酒,果実酒,ドリンク,false,果実酒
チョリソー,肉料理,フード,false,肉料理
ヴェルＧ,ワイン,ドリンク,false,グラスワイン系
真ほっけ一夜干,海鮮,フード,false,焼き魚
獺祭,日本酒,ドリンク,false,日本酒
うに木箱,海鮮,フード,false,海鮮
ハーフほっけ開き,海鮮,フード,false,焼き魚
お茶,除外,ドリンク,true,売上0のサービス品
フグヒレ酒,日本酒,ドリンク,false,日本酒
Ｍ英字オーダー,除外,フード,true,システム行
杉蔵（樽酒,日本酒,ドリンク,false,日本酒
銚子（１合,日本酒,ドリンク,false,日本酒
水わらび餅,デザート,フード,false,デザート
オゴジョＧ,焼酎,ドリンク,false,焼酎
マンゴーばにら,デザート,フード,false,デザート
宴会銚子,除外,ドリンク,true,宴会・売上0系
飫肥杉Ｇ,焼酎,ドリンク,false,焼酎
夜ごはん,締め,フード,false,締め
純米生々大吟,日本酒,ドリンク,false,日本酒
宴会中徳,除外,ドリンク,true,宴会・売上0系
宴会ＦＤ延長特典,除外,フード,true,宴会・売上0系
ロメイングリル,野菜料理,フード,false,野菜料理
宴ひらみれもんそ,除外,ドリンク,true,宴会・売上0系
和製抹茶プリン,デザート,フード,false,デザート
黒龍純米吟醸,日本酒,ドリンク,false,日本酒
天盃２５度グラス,焼酎,ドリンク,false,焼酎
宴コーン茶,除外,ドリンク,true,宴会・売上0系
宴阿波のしずくＧ,除外,ドリンク,true,宴会・売上0系
阿波のしずくＧ,焼酎,ドリンク,false,焼酎
抹茶和製プリン,デザート,フード,false,デザート
宴モンテＧ,除外,ドリンク,true,宴会・売上0系
宴おれんじ,除外,ドリンク,true,宴会・売上0系
ほっとこーひ,ソフトドリンク,ドリンク,false,ソフトドリンク
さばの一夜干①尾,海鮮,フード,false,焼き魚
あいすこーひー,ソフトドリンク,ドリンク,false,ソフトドリンク
鯵食べ比べ贅沢盛,海鮮,フード,false,海鮮
ハーフさば一夜,海鮮,フード,false,焼き魚
宴カットレモ,除外,フード,true,宴会・売上0系
阿波しずく３００,焼酎,ドリンク,false,焼酎・ボトル/デキャンタ系
島らっきょ,軽いつまみ,フード,false,つまみ
モンテＢ７５０,ワイン,ドリンク,false,ボトルワイン
飫肥杉Ｂ,焼酎,ドリンク,false,焼酎ボトル
あじのなめろう,海鮮,フード,false,海鮮
Ｍ宴会コスＰＦＤ,除外,フード,true,宴会・売上0系
ヴェルＢ７５０,ワイン,ドリンク,false,ボトルワイン
二階堂Ｄ３００,焼酎,ドリンク,false,焼酎
◇鶏もも岩塩,串,フード,false,焼鳥・串系
天盃２５度ボトル,焼酎,ドリンク,false,焼酎ボトル
カベルネソーＢ,ワイン,ドリンク,false,ボトルワイン
オゴＤ３００,焼酎,ドリンク,false,焼酎
あじの姿造り,海鮮,フード,false,海鮮
Ｍ３時間ＦＤ,除外,フード,true,宴会・飲み放題系
オゴジョボトル,焼酎,ドリンク,false,焼酎ボトル
バローロＢ,ワイン,ドリンク,false,ボトルワイン
富乃宝山３００Ｄ,焼酎,ドリンク,false,焼酎
付）烏龍茶,ソフトドリンク,ドリンク,false,割材・ソフトドリンク
◎スプマンテ,ワイン,ドリンク,false,スパークリングワイン
ペコリーノＢ,ワイン,ドリンク,false,ボトルワイン
飫肥杉Ｄ３００,焼酎,ドリンク,false,焼酎
ドミノデラプラＢ,ワイン,ドリンク,false,ボトルワイン
天盃２５度Ｄ３０,焼酎,ドリンク,false,焼酎
追）マヨ,除外,フード,true,調味料・売上0系
えすぷれっそ,ソフトドリンク,ドリンク,false,ソフトドリンク
Ｍ３ＨＰＦＤ,除外,フード,true,宴会・飲み放題系
◇ひとくちごはん,除外,フード,true,付属品・売上0系
◇さば一夜,海鮮,フード,false,焼き魚
単◇焼きのり,軽いつまみ,フード,false,つまみ
夜ごはんセット,締め,フード,false,締め
Ｍ宴会プレミアム,除外,フード,true,宴会・売上0系
ＳＬほっとこーひ,ソフトドリンク,ドリンク,false,ソフトドリンク
