item_name,cnt
ウーロンハイ,21484
モバイルオーダー,15743
生黒ラベル中,15057
パンチレサワ,14865
鶏もも串,7778
夕陽麦酒Ｊ,7427
酎ハイ,7411
とろたく,6949
明太マヨポテフラ,6758
お冷Ｇ,6631
紅茶ハイ,6560
¶うーろん茶,6409
ももスパイス串,6332
アンチポテフラ,6228
酒場のねぎま,5968
もやしナム,5579
生ハム,5468
リョク茶ハイ,5170
リンゴハイ,5031
とりかわ串,4928
ナカ,4630
ジンジャハイ,4285
鶏から１個,4270
ちくわ磯天,4245
ヤングコーン,4199
宴生ジョッキ,4087
琉球レモサワ,4083
砂肝串,3775
豚タン鉄板焼,3730
赤星　大瓶,3715
ビアブラウン,3662
ｊｊ（ジャスミン,3603
長芋揚げ,3515
青唐卵炒め,3426
たこ刺し,3350
ガツポン酢,3258
きゅうり漬け,3158
よだれアボカ,3140
ホッピＳ白,3116
もつ煮込,3029
砂肝刺し,2979
さつま芋チップス,2968
タ）レモンサ,2884
単品ナポリタン,2867
モッツァチーズ,2851
シャカバター醤油,2834
チョレギサラ,2781
◇鶏もも岩塩,2763
ウーロン茶,2731
ホッピＳ黒,2697